Año,Fecha (dd/mm/aaaa),TRM,Día del mes,Mes,Id Mes
2023,2023-05-08,"4552,56",8,Mayo,5
2023,2023-05-07,"4552,56",7,Mayo,5
2023,2023-05-06,"4552,56",6,Mayo,5
2023,2023-05-05,"4616,58",5,Mayo,5
2023,2023-05-04,"4667,09",4,Mayo,5
2023,2023-05-03,"4713,08",3,Mayo,5
2023,2023-05-02,4669,2,Mayo,5
2023,2023-05-01,4669,1,Mayo,5
2023,2023-04-30,4669,30,Abril,4
2023,2023-04-29,4669,29,Abril,4
2023,2023-04-28,"4654,14",28,Abril,4
2023,2023-04-27,"4552,59",27,Abril,4
2023,2023-04-26,"4486,6",26,Abril,4
2023,2023-04-25,"4482,45",25,Abril,4
2023,2023-04-24,"4523,64",24,Abril,4
2023,2023-04-23,"4523,64",23,Abril,4
2023,2023-04-22,"4523,64",22,Abril,4
2023,2023-04-21,"4535,78",21,Abril,4
2023,2023-04-20,"4532,43",20,Abril,4
2023,2023-04-19,"4473,07",19,Abril,4
2023,2023-04-18,"4431,45",18,Abril,4
2023,2023-04-17,"4425,27",17,Abril,4
2023,2023-04-16,"4425,27",16,Abril,4
2023,2023-04-15,"4425,27",15,Abril,4
2023,2023-04-14,"4424,02",14,Abril,4
2023,2023-04-13,"4458,87",13,Abril,4
2023,2023-04-12,"4516,76",12,Abril,4
2023,2023-04-11,"4564,24",11,Abril,4
2023,2023-04-10,"4570,91",10,Abril,4
2023,2023-04-09,"4570,91",9,Abril,4
2023,2023-04-08,"4570,91",8,Abril,4
2023,2023-04-07,"4570,91",7,Abril,4
2023,2023-04-06,"4570,91",6,Abril,4
2023,2023-04-05,"4587,31",5,Abril,4
2023,2023-04-04,4603,4,Abril,4
2023,2023-04-03,"4646,08",3,Abril,4
2023,2023-04-02,"4646,08",2,Abril,4
2023,2023-04-01,"4646,08",1,Abril,4
2023,2023-03-31,"4627,27",31,Marzo,3
2023,2023-03-30,"4627,63",30,Marzo,3
2023,2023-03-29,"4658,79",29,Marzo,3
2023,2023-03-28,"4686,83",28,Marzo,3
2023,2023-03-27,"4741,76",27,Marzo,3
2023,2023-03-26,"4741,76",26,Marzo,3
2023,2023-03-25,"4741,76",25,Marzo,3
2023,2023-03-24,"4755,12",24,Marzo,3
2023,2023-03-23,"4776,09",23,Marzo,3
2023,2023-03-22,"4804,29",22,Marzo,3
2023,2023-03-21,"4824,25",21,Marzo,3
2023,2023-03-20,"4824,25",20,Marzo,3
2023,2023-03-19,"4824,25",19,Marzo,3
2023,2023-03-18,"4824,25",18,Marzo,3
2023,2023-03-17,"4866,5",17,Marzo,3
2023,2023-03-16,"4835,51",16,Marzo,3
2023,2023-03-15,"4736,03",15,Marzo,3
2023,2023-03-14,"4769,76",14,Marzo,3
2023,2023-03-13,"4748,14",13,Marzo,3
2023,2023-03-12,"4748,14",12,Marzo,3
2023,2023-03-11,"4748,14",11,Marzo,3
2023,2023-03-10,"4748,61",10,Marzo,3
2023,2023-03-09,"4755,59",9,Marzo,3
2023,2023-03-08,"4744,95",8,Marzo,3
2023,2023-03-07,"4734,42",7,Marzo,3
2023,2023-03-06,"4780,89",6,Marzo,3
2023,2023-03-05,"4780,89",5,Marzo,3
2023,2023-03-04,"4780,89",4,Marzo,3
2023,2023-03-03,"4855,83",3,Marzo,3
2023,2023-03-02,"4848,78",2,Marzo,3
2023,2023-03-01,"4814,11",1,Marzo,3
2023,2023-02-28,"4808,14",28,Febrero,2
2023,2023-02-27,"4849,65",27,Febrero,2
2023,2023-02-26,"4849,65",26,Febrero,2
2023,2023-02-25,"4849,65",25,Febrero,2
2023,2023-02-24,"4853,9",24,Febrero,2
2023,2023-02-23,"4924,91",23,Febrero,2
2023,2023-02-22,"4950,33",22,Febrero,2
2023,2023-02-21,"4918,94",21,Febrero,2
2023,2023-02-20,"4918,94",20,Febrero,2
2023,2023-02-19,"4918,94",19,Febrero,2
2023,2023-02-18,"4918,94",18,Febrero,2
2023,2023-02-17,"4966,33",17,Febrero,2
2023,2023-02-16,"4878,24",16,Febrero,2
2023,2023-02-15,"4783,24",15,Febrero,2
2023,2023-02-14,"4818,62",14,Febrero,2
2023,2023-02-13,"4777,73",13,Febrero,2
2023,2023-02-12,"4777,73",12,Febrero,2
2023,2023-02-11,"4777,73",11,Febrero,2
2023,2023-02-10,"4742,05",10,Febrero,2
2023,2023-02-09,"4769,85",9,Febrero,2
2023,2023-02-08,"4775,99",8,Febrero,2
2023,2023-02-07,"4776,25",7,Febrero,2
2023,2023-02-06,"4669,74",6,Febrero,2
2023,2023-02-05,"4669,74",5,Febrero,2
2023,2023-02-04,"4669,74",4,Febrero,2
2023,2023-02-03,"4584,44",3,Febrero,2
2023,2023-02-02,"4639,04",2,Febrero,2
2023,2023-02-01,"4648,7",1,Febrero,2
2023,2023-01-31,"4632,2",31,Enero,1
2023,2023-01-30,"4548,5",30,Enero,1
2023,2023-01-29,"4548,5",29,Enero,1
2023,2023-01-28,"4548,5",28,Enero,1
2023,2023-01-27,"4531,75",27,Enero,1
2023,2023-01-26,"4538,91",26,Enero,1
2023,2023-01-25,"4545,94",25,Enero,1
2023,2023-01-24,"4551,02",24,Enero,1
2023,2023-01-23,"4631,64",23,Enero,1
2023,2023-01-22,"4631,64",22,Enero,1
2023,2023-01-21,"4631,64",21,Enero,1
2023,2023-01-20,"4683,85",20,Enero,1
2023,2023-01-19,"4702,67",19,Enero,1
2023,2023-01-18,"4691,09",18,Enero,1
2023,2023-01-17,"4693,99",17,Enero,1
2023,2023-01-16,"4693,99",16,Enero,1
2023,2023-01-15,"4693,99",15,Enero,1
2023,2023-01-14,"4693,99",14,Enero,1
2023,2023-01-13,"4692,04",13,Enero,1
2023,2023-01-12,"4748,54",12,Enero,1
2023,2023-01-11,"4807,85",11,Enero,1
2023,2023-01-10,"4885,66",10,Enero,1
2023,2023-01-09,"4885,66",9,Enero,1
2023,2023-01-08,"4885,66",8,Enero,1
2023,2023-01-07,"4885,66",7,Enero,1
2023,2023-01-06,"4989,58",6,Enero,1
2023,2023-01-05,4924,5,Enero,1
2023,2023-01-04,"4842,26",4,Enero,1
2023,2023-01-03,"4810,2",3,Enero,1
2023,2023-01-02,"4810,2",2,Enero,1
2023,2023-01-01,"4810,2",1,Enero,1
2022,2022-12-31,"4810,2",31,Diciembre,12
2022,2022-12-30,"4810,2",30,Diciembre,12
2022,2022-12-29,"4765,92",29,Diciembre,12
2022,2022-12-28,"4766,82",28,Diciembre,12
2022,2022-12-27,"4745,04",27,Diciembre,12
2022,2022-12-26,"4745,04",26,Diciembre,12
2022,2022-12-25,"4745,04",25,Diciembre,12
2022,2022-12-24,"4745,04",24,Diciembre,12
2022,2022-12-23,"4760,61",23,Diciembre,12
2022,2022-12-22,"4761,64",22,Diciembre,12
2022,2022-12-21,"4769,29",21,Diciembre,12
2022,2022-12-20,"4781,28",20,Diciembre,12
2022,2022-12-19,"4802,48",19,Diciembre,12
2022,2022-12-18,"4802,48",18,Diciembre,12
2022,2022-12-17,"4802,48",17,Diciembre,12
2022,2022-12-16,"4797,02",16,Diciembre,12
2022,2022-12-15,"4778,28",15,Diciembre,12
2022,2022-12-14,"4791,57",14,Diciembre,12
2022,2022-12-13,"4836,24",13,Diciembre,12
2022,2022-12-12,"4815,99",12,Diciembre,12
2022,2022-12-11,"4815,99",11,Diciembre,12
2022,2022-12-10,"4815,99",10,Diciembre,12
2022,2022-12-09,"4825,83",9,Diciembre,12
2022,2022-12-08,"4825,83",8,Diciembre,12
2022,2022-12-07,"4818,32",7,Diciembre,12
2022,2022-12-06,"4812,37",6,Diciembre,12
2022,2022-12-05,"4767,19",5,Diciembre,12
2022,2022-12-04,"4767,19",4,Diciembre,12
2022,2022-12-03,"4767,19",3,Diciembre,12
2022,2022-12-02,"4779,06",2,Diciembre,12
2022,2022-12-01,"4815,59",1,Diciembre,12
2022,2022-11-30,"4809,51",30,Noviembre,11
2022,2022-11-29,"4840,6",29,Noviembre,11
2022,2022-11-28,"4881,41",28,Noviembre,11
2022,2022-11-27,"4881,41",27,Noviembre,11
2022,2022-11-26,"4881,41",26,Noviembre,11
2022,2022-11-25,"4875,91",25,Noviembre,11
2022,2022-11-24,"4875,91",24,Noviembre,11
2022,2022-11-23,"4914,34",23,Noviembre,11
2022,2022-11-22,"4958,42",22,Noviembre,11
2022,2022-11-21,"4994,61",21,Noviembre,11
2022,2022-11-20,"4994,61",20,Noviembre,11
2022,2022-11-19,"4994,61",19,Noviembre,11
2022,2022-11-18,"5022,03",18,Noviembre,11
2022,2022-11-17,"4922,7",17,Noviembre,11
2022,2022-11-16,"4801,06",16,Noviembre,11
2022,2022-11-15,"4806,07",15,Noviembre,11
2022,2022-11-14,"4806,07",14,Noviembre,11
2022,2022-11-13,"4806,07",13,Noviembre,11
2022,2022-11-12,"4806,07",12,Noviembre,11
2022,2022-11-11,"4806,07",11,Noviembre,11
2022,2022-11-10,"4914,71",10,Noviembre,11
2022,2022-11-09,"5013,2",9,Noviembre,11
2022,2022-11-08,"5061,21",8,Noviembre,11
2022,2022-11-07,"5061,21",7,Noviembre,11
2022,2022-11-06,"5061,21",6,Noviembre,11
2022,2022-11-05,"5061,21",5,Noviembre,11
2022,2022-11-04,"5058,02",4,Noviembre,11
2022,2022-11-03,"5015,84",3,Noviembre,11
2022,2022-11-02,"4975,58",2,Noviembre,11
2022,2022-11-01,"4898,74",1,Noviembre,11
2022,2022-10-31,"4819,42",31,Octubre,10
2022,2022-10-30,"4819,42",30,Octubre,10
2022,2022-10-29,"4819,42",29,Octubre,10
2022,2022-10-28,"4821,92",28,Octubre,10
2022,2022-10-27,"4895,29",27,Octubre,10
2022,2022-10-26,"4948,14",26,Octubre,10
2022,2022-10-25,"4968,94",25,Octubre,10
2022,2022-10-24,"4913,24",24,Octubre,10
2022,2022-10-23,"4913,24",23,Octubre,10
2022,2022-10-22,"4913,24",22,Octubre,10
2022,2022-10-21,"4885,5",21,Octubre,10
2022,2022-10-20,"4815,09",20,Octubre,10
2022,2022-10-19,"4744,04",19,Octubre,10
2022,2022-10-18,"4636,83",18,Octubre,10
2022,2022-10-17,"4636,83",17,Octubre,10
2022,2022-10-16,"4636,83",16,Octubre,10
2022,2022-10-15,"4636,83",15,Octubre,10
2022,2022-10-14,"4619,78",14,Octubre,10
2022,2022-10-13,"4611,18",13,Octubre,10
2022,2022-10-12,"4611,88",12,Octubre,10
2022,2022-10-11,"4605,29",11,Octubre,10
2022,2022-10-10,"4605,29",10,Octubre,10
2022,2022-10-09,"4605,29",9,Octubre,10
2022,2022-10-08,"4605,29",8,Octubre,10
2022,2022-10-07,"4627,61",7,Octubre,10
2022,2022-10-06,"4548,89",6,Octubre,10
2022,2022-10-05,"4484,74",5,Octubre,10
2022,2022-10-04,"4545,66",4,Octubre,10
2022,2022-10-03,"4590,54",3,Octubre,10
2022,2022-10-02,"4590,54",2,Octubre,10
2022,2022-10-01,"4590,54",1,Octubre,10
2022,2022-09-30,"4532,07",30,Septiembre,9
2022,2022-09-29,"4486,94",29,Septiembre,9
2022,2022-09-28,"4556,42",28,Septiembre,9
2022,2022-09-27,"4496,99",27,Septiembre,9
2022,2022-09-26,"4426,47",26,Septiembre,9
2022,2022-09-25,"4426,47",25,Septiembre,9
2022,2022-09-24,"4426,47",24,Septiembre,9
2022,2022-09-23,"4379,8",23,Septiembre,9
2022,2022-09-22,"4403,82",22,Septiembre,9
2022,2022-09-21,"4420,38",21,Septiembre,9
2022,2022-09-20,"4415,11",20,Septiembre,9
2022,2022-09-19,"4435,84",19,Septiembre,9
2022,2022-09-18,"4435,84",18,Septiembre,9
2022,2022-09-17,"4435,84",17,Septiembre,9
2022,2022-09-16,"4404,64",16,Septiembre,9
2022,2022-09-15,"4389,8",15,Septiembre,9
2022,2022-09-14,"4413,89",14,Septiembre,9
2022,2022-09-13,"4346,91",13,Septiembre,9
2022,2022-09-12,"4365,32",12,Septiembre,9
2022,2022-09-11,"4365,32",11,Septiembre,9
2022,2022-09-10,"4365,32",10,Septiembre,9
2022,2022-09-09,"4396,69",9,Septiembre,9
2022,2022-09-08,"4446,36",8,Septiembre,9
2022,2022-09-07,"4480,1",7,Septiembre,9
2022,2022-09-06,"4466,73",6,Septiembre,9
2022,2022-09-05,"4466,73",5,Septiembre,9
2022,2022-09-04,"4466,73",4,Septiembre,9
2022,2022-09-03,"4466,73",3,Septiembre,9
2022,2022-09-02,"4467,03",2,Septiembre,9
2022,2022-09-01,"4422,77",1,Septiembre,9
2022,2022-08-31,"4400,16",31,Agosto,8
2022,2022-08-30,"4386,13",30,Agosto,8
2022,2022-08-29,"4388,02",29,Agosto,8
2022,2022-08-28,"4388,02",28,Agosto,8
2022,2022-08-27,"4388,02",27,Agosto,8
2022,2022-08-26,"4407,95",26,Agosto,8
2022,2022-08-25,"4380,19",25,Agosto,8
2022,2022-08-24,"4374,45",24,Agosto,8
2022,2022-08-23,"4399,16",23,Agosto,8
2022,2022-08-22,"4400,25",22,Agosto,8
2022,2022-08-21,"4400,25",21,Agosto,8
2022,2022-08-20,"4400,25",20,Agosto,8
2022,2022-08-19,"4413,86",19,Agosto,8
2022,2022-08-18,"4316,47",18,Agosto,8
2022,2022-08-17,"4218,48",17,Agosto,8
2022,2022-08-16,"4185,49",16,Agosto,8
2022,2022-08-15,"4185,49",15,Agosto,8
2022,2022-08-14,"4185,49",14,Agosto,8
2022,2022-08-13,"4185,49",13,Agosto,8
2022,2022-08-12,"4231,45",12,Agosto,8
2022,2022-08-11,"4273,82",11,Agosto,8
2022,2022-08-10,"4309,69",10,Agosto,8
2022,2022-08-09,"4307,09",9,Agosto,8
2022,2022-08-08,"4337,28",8,Agosto,8
2022,2022-08-07,"4337,28",7,Agosto,8
2022,2022-08-06,"4337,28",6,Agosto,8
2022,2022-08-05,"4268,3",5,Agosto,8
2022,2022-08-04,"4331,15",4,Agosto,8
2022,2022-08-03,"4313,3",3,Agosto,8
2022,2022-08-02,"4245,99",2,Agosto,8
2022,2022-08-01,"4300,3",1,Agosto,8
2022,2022-07-31,"4300,3",31,Julio,7
2022,2022-07-30,"4300,3",30,Julio,7
2022,2022-07-29,"4375,51",29,Julio,7
2022,2022-07-28,"4420,75",28,Julio,7
2022,2022-07-27,"4445,01",27,Julio,7
2022,2022-07-26,"4461,63",26,Julio,7
2022,2022-07-25,"4423,86",25,Julio,7
2022,2022-07-24,"4423,86",24,Julio,7
2022,2022-07-23,"4423,86",23,Julio,7
2022,2022-07-22,"4410,14",22,Julio,7
2022,2022-07-21,"4303,34",21,Julio,7
2022,2022-07-20,"4303,34",20,Julio,7
2022,2022-07-19,"4315,41",19,Julio,7
2022,2022-07-18,"4395,63",18,Julio,7
2022,2022-07-17,"4395,63",17,Julio,7
2022,2022-07-16,"4395,63",16,Julio,7
2022,2022-07-15,"4519,65",15,Julio,7
2022,2022-07-14,"4558,05",14,Julio,7
2022,2022-07-13,"4627,46",13,Julio,7
2022,2022-07-12,"4513,28",12,Julio,7
2022,2022-07-11,"4388,27",11,Julio,7
2022,2022-07-10,"4388,27",10,Julio,7
2022,2022-07-09,"4388,27",9,Julio,7
2022,2022-07-08,"4369,7",8,Julio,7
2022,2022-07-07,"4348,68",7,Julio,7
2022,2022-07-06,"4259,86",6,Julio,7
2022,2022-07-05,"4198,77",5,Julio,7
2022,2022-07-04,"4198,77",4,Julio,7
2022,2022-07-03,"4198,77",3,Julio,7
2022,2022-07-02,"4198,77",2,Julio,7
2022,2022-07-01,"4151,21",1,Julio,7
2022,2022-06-30,"4127,47",30,Junio,6
2022,2022-06-29,"4089,72",29,Junio,6
2022,2022-06-28,"4129,87",28,Junio,6
2022,2022-06-27,"4129,87",27,Junio,6
2022,2022-06-26,"4129,87",26,Junio,6
2022,2022-06-25,"4129,87",25,Junio,6
2022,2022-06-24,"4068,75",24,Junio,6
2022,2022-06-23,"4026,52",23,Junio,6
2022,2022-06-22,"4026,92",22,Junio,6
2022,2022-06-21,"3905,05",21,Junio,6
2022,2022-06-20,"3905,05",20,Junio,6
2022,2022-06-19,"3905,05",19,Junio,6
2022,2022-06-18,"3905,05",18,Junio,6
2022,2022-06-17,"3912,15",17,Junio,6
2022,2022-06-16,"3923,96",16,Junio,6
2022,2022-06-15,"3979,3",15,Junio,6
2022,2022-06-14,"4016,5",14,Junio,6
2022,2022-06-13,"3912,51",13,Junio,6
2022,2022-06-12,"3912,51",12,Junio,6
2022,2022-06-11,"3912,51",11,Junio,6
2022,2022-06-10,"3833,34",10,Junio,6
2022,2022-06-09,"3782,65",9,Junio,6
2022,2022-06-08,"3790,88",8,Junio,6
2022,2022-06-07,"3799,5",7,Junio,6
2022,2022-06-06,"3771,63",6,Junio,6
2022,2022-06-05,"3771,63",5,Junio,6
2022,2022-06-04,"3771,63",4,Junio,6
2022,2022-06-03,"3784,98",3,Junio,6
2022,2022-06-02,"3791,74",2,Junio,6
2022,2022-06-01,"3776,52",1,Junio,6
2022,2022-05-31,"3912,34",31,Mayo,5
2022,2022-05-30,"3912,34",30,Mayo,5
2022,2022-05-29,"3912,34",29,Mayo,5
2022,2022-05-28,"3912,34",28,Mayo,5
2022,2022-05-27,"3930,89",27,Mayo,5
2022,2022-05-26,"3959,05",26,Mayo,5
2022,2022-05-25,"3971,28",25,Mayo,5
2022,2022-05-24,"3950,35",24,Mayo,5
2022,2022-05-23,"3989,84",23,Mayo,5
2022,2022-05-22,"3989,84",22,Mayo,5
2022,2022-05-21,"3989,84",21,Mayo,5
2022,2022-05-20,"4050,88",20,Mayo,5
2022,2022-05-19,"4054,71",19,Mayo,5
2022,2022-05-18,"4033,85",18,Mayo,5
2022,2022-05-17,"4070,25",17,Mayo,5
2022,2022-05-16,"4110,53",16,Mayo,5
2022,2022-05-15,"4110,53",15,Mayo,5
2022,2022-05-14,"4110,53",14,Mayo,5
2022,2022-05-13,"4109,71",13,Mayo,5
2022,2022-05-12,"4080,32",12,Mayo,5
2022,2022-05-11,"4086,71",11,Mayo,5
2022,2022-05-10,"4085,76",10,Mayo,5
2022,2022-05-09,"4053,93",9,Mayo,5
2022,2022-05-08,"4053,93",8,Mayo,5
2022,2022-05-07,"4053,93",7,Mayo,5
2022,2022-05-06,"4086,08",6,Mayo,5
2022,2022-05-05,"4056,41",5,Mayo,5
2022,2022-05-04,"4016,34",4,Mayo,5
2022,2022-05-03,"4004,07",3,Mayo,5
2022,2022-05-02,"3966,27",2,Mayo,5
2022,2022-05-01,"3966,27",1,Mayo,5
2022,2022-04-30,"3966,27",30,Abril,4
2022,2022-04-29,"3984,77",29,Abril,4
2022,2022-04-28,"3967,32",28,Abril,4
2022,2022-04-27,"3947,63",27,Abril,4
2022,2022-04-26,"3931,74",26,Abril,4
2022,2022-04-25,"3819,07",25,Abril,4
2022,2022-04-24,"3819,07",24,Abril,4
2022,2022-04-23,"3819,07",23,Abril,4
2022,2022-04-22,"3759,54",22,Abril,4
2022,2022-04-21,"3758,65",21,Abril,4
2022,2022-04-20,"3755,85",20,Abril,4
2022,2022-04-19,"3731,31",19,Abril,4
2022,2022-04-18,"3737,32",18,Abril,4
2022,2022-04-17,"3737,32",17,Abril,4
2022,2022-04-16,"3737,32",16,Abril,4
2022,2022-04-15,"3737,32",15,Abril,4
2022,2022-04-14,"3737,32",14,Abril,4
2022,2022-04-13,"3736,7",13,Abril,4
2022,2022-04-12,"3744,16",12,Abril,4
2022,2022-04-11,"3777,41",11,Abril,4
2022,2022-04-10,"3777,41",10,Abril,4
2022,2022-04-09,"3777,41",9,Abril,4
2022,2022-04-08,"3771,83",8,Abril,4
2022,2022-04-07,"3746,51",7,Abril,4
2022,2022-04-06,"3723,79",6,Abril,4
2022,2022-04-05,"3706,95",5,Abril,4
2022,2022-04-04,"3774,79",4,Abril,4
2022,2022-04-03,"3774,79",3,Abril,4
2022,2022-04-02,"3774,79",2,Abril,4
2022,2022-04-01,"3756,03",1,Abril,4
2022,2022-03-31,"3748,15",31,Marzo,3
2022,2022-03-30,"3765,96",30,Marzo,3
2022,2022-03-29,"3785,7",29,Marzo,3
2022,2022-03-28,"3785,66",28,Marzo,3
2022,2022-03-27,"3785,66",27,Marzo,3
2022,2022-03-26,"3785,66",26,Marzo,3
2022,2022-03-25,"3798,9",25,Marzo,3
2022,2022-03-24,"3756,64",24,Marzo,3
2022,2022-03-23,"3765,67",23,Marzo,3
2022,2022-03-22,"3820,67",22,Marzo,3
2022,2022-03-21,"3820,67",21,Marzo,3
2022,2022-03-20,"3820,67",20,Marzo,3
2022,2022-03-19,"3820,67",19,Marzo,3
2022,2022-03-18,"3816,43",18,Marzo,3
2022,2022-03-17,"3826,89",17,Marzo,3
2022,2022-03-16,"3836,56",16,Marzo,3
2022,2022-03-15,"3800,85",15,Marzo,3
2022,2022-03-14,"3827,64",14,Marzo,3
2022,2022-03-13,"3827,64",13,Marzo,3
2022,2022-03-12,"3827,64",12,Marzo,3
2022,2022-03-11,3786,11,Marzo,3
2022,2022-03-10,"3746,43",10,Marzo,3
2022,2022-03-09,"3787,18",9,Marzo,3
2022,2022-03-08,"3813,41",8,Marzo,3
2022,2022-03-07,"3806,11",7,Marzo,3
2022,2022-03-06,"3806,11",6,Marzo,3
2022,2022-03-05,"3806,11",5,Marzo,3
2022,2022-03-04,"3771,77",4,Marzo,3
2022,2022-03-03,"3862,95",3,Marzo,3
2022,2022-03-02,"3901,62",2,Marzo,3
2022,2022-03-01,"3910,28",1,Marzo,3
2022,2022-02-28,"3910,64",28,Febrero,2
2022,2022-02-27,"3910,64",27,Febrero,2
2022,2022-02-26,"3910,64",26,Febrero,2
2022,2022-02-25,"3940,2",25,Febrero,2
2022,2022-02-24,"3913,79",24,Febrero,2
2022,2022-02-23,"3932,4",23,Febrero,2
2022,2022-02-22,"3927,25",22,Febrero,2
2022,2022-02-21,"3927,25",21,Febrero,2
2022,2022-02-20,"3927,25",20,Febrero,2
2022,2022-02-19,"3927,25",19,Febrero,2
2022,2022-02-18,"3953,26",18,Febrero,2
2022,2022-02-17,"3963,72",17,Febrero,2
2022,2022-02-16,"3946,88",16,Febrero,2
2022,2022-02-15,"3938,97",15,Febrero,2
2022,2022-02-14,"3917,52",14,Febrero,2
2022,2022-02-13,"3917,52",13,Febrero,2
2022,2022-02-12,"3917,52",12,Febrero,2
2022,2022-02-11,"3917,75",11,Febrero,2
2022,2022-02-10,"3939,31",10,Febrero,2
2022,2022-02-09,"3965,41",9,Febrero,2
2022,2022-02-08,"3963,84",8,Febrero,2
2022,2022-02-07,"3962,68",7,Febrero,2
2022,2022-02-06,"3962,68",6,Febrero,2
2022,2022-02-05,"3962,68",5,Febrero,2
2022,2022-02-04,"3951,96",4,Febrero,2
2022,2022-02-03,"3928,05",3,Febrero,2
2022,2022-02-02,"3923,61",2,Febrero,2
2022,2022-02-01,"3942,73",1,Febrero,2
2022,2022-01-31,"3982,6",31,Enero,1
2022,2022-01-30,"3982,6",30,Enero,1
2022,2022-01-29,"3982,6",29,Enero,1
2022,2022-01-28,"3944,04",28,Enero,1
2022,2022-01-27,"3947,83",27,Enero,1
2022,2022-01-26,"3987,32",26,Enero,1
2022,2022-01-25,"3977,51",25,Enero,1
2022,2022-01-24,"3964,3",24,Enero,1
2022,2022-01-23,"3964,3",23,Enero,1
2022,2022-01-22,"3964,3",22,Enero,1
2022,2022-01-21,"3980,8",21,Enero,1
2022,2022-01-20,"4003,95",20,Enero,1
2022,2022-01-19,"4033,37",19,Enero,1
2022,2022-01-18,"3993,65",18,Enero,1
2022,2022-01-17,"3993,65",17,Enero,1
2022,2022-01-16,"3993,65",16,Enero,1
2022,2022-01-15,"3993,65",15,Enero,1
2022,2022-01-14,"3950,4",14,Enero,1
2022,2022-01-13,"3970,08",13,Enero,1
2022,2022-01-12,"4011,65",12,Enero,1
2022,2022-01-11,"4043,46",11,Enero,1
2022,2022-01-10,"4043,46",10,Enero,1
2022,2022-01-09,"4043,46",9,Enero,1
2022,2022-01-08,"4043,46",8,Enero,1
2022,2022-01-07,"4039,31",7,Enero,1
2022,2022-01-06,"4042,36",6,Enero,1
2022,2022-01-05,"4084,11",5,Enero,1
2022,2022-01-04,"4082,75",4,Enero,1
2022,2022-01-03,"3981,16",3,Enero,1
2022,2022-01-02,"3981,16",2,Enero,1
2022,2022-01-01,"3981,16",1,Enero,1
2021,2021-12-31,"3981,16",31,Diciembre,12
2021,2021-12-30,"4023,68",30,Diciembre,12
2021,2021-12-29,4004,29,Diciembre,12
2021,2021-12-28,"3989,41",28,Diciembre,12
2021,2021-12-27,"3994,15",27,Diciembre,12
2021,2021-12-26,"3994,15",26,Diciembre,12
2021,2021-12-25,"3994,15",25,Diciembre,12
2021,2021-12-24,"3997,09",24,Diciembre,12
2021,2021-12-23,"3997,71",23,Diciembre,12
2021,2021-12-22,"3996,28",22,Diciembre,12
2021,2021-12-21,"4002,12",21,Diciembre,12
2021,2021-12-20,"3999,85",20,Diciembre,12
2021,2021-12-19,"3999,85",19,Diciembre,12
2021,2021-12-18,"3999,85",18,Diciembre,12
2021,2021-12-17,"4002,97",17,Diciembre,12
2021,2021-12-16,"3990,27",16,Diciembre,12
2021,2021-12-15,"3936,41",15,Diciembre,12
2021,2021-12-14,"3886,87",14,Diciembre,12
2021,2021-12-13,"3887,71",13,Diciembre,12
2021,2021-12-12,"3887,71",12,Diciembre,12
2021,2021-12-11,"3887,71",11,Diciembre,12
2021,2021-12-10,"3899,87",10,Diciembre,12
2021,2021-12-09,"3906,1",9,Diciembre,12
2021,2021-12-08,"3906,1",8,Diciembre,12
2021,2021-12-07,3944,7,Diciembre,12
2021,2021-12-06,"3948,33",6,Diciembre,12
2021,2021-12-05,"3948,33",5,Diciembre,12
2021,2021-12-04,"3948,33",4,Diciembre,12
2021,2021-12-03,"3945,18",3,Diciembre,12
2021,2021-12-02,"3953,26",2,Diciembre,12
2021,2021-12-01,"4004,54",1,Diciembre,12
2021,2021-11-30,"4010,98",30,Noviembre,11
2021,2021-11-29,"4008,13",29,Noviembre,11
2021,2021-11-28,"4008,13",28,Noviembre,11
2021,2021-11-27,"4008,13",27,Noviembre,11
2021,2021-11-26,"3969,49",26,Noviembre,11
2021,2021-11-25,"3969,49",25,Noviembre,11
2021,2021-11-24,"3944,37",24,Noviembre,11
2021,2021-11-23,"3913,26",23,Noviembre,11
2021,2021-11-22,"3923,53",22,Noviembre,11
2021,2021-11-21,"3923,53",21,Noviembre,11
2021,2021-11-20,"3923,53",20,Noviembre,11
2021,2021-11-19,"3943,43",19,Noviembre,11
2021,2021-11-18,"3907,95",18,Noviembre,11
2021,2021-11-17,"3898,84",17,Noviembre,11
2021,2021-11-16,"3888,53",16,Noviembre,11
2021,2021-11-15,"3888,53",15,Noviembre,11
2021,2021-11-14,"3888,53",14,Noviembre,11
2021,2021-11-13,"3888,53",13,Noviembre,11
2021,2021-11-12,"3875,38",12,Noviembre,11
2021,2021-11-11,"3875,38",11,Noviembre,11
2021,2021-11-10,"3876,86",10,Noviembre,11
2021,2021-11-09,"3874,41",9,Noviembre,11
2021,2021-11-08,"3881,76",8,Noviembre,11
2021,2021-11-07,"3881,76",7,Noviembre,11
2021,2021-11-06,"3881,76",6,Noviembre,11
2021,2021-11-05,"3847,4",5,Noviembre,11
2021,2021-11-04,"3837,84",4,Noviembre,11
2021,2021-11-03,"3778,69",3,Noviembre,11
2021,2021-11-02,"3784,44",2,Noviembre,11
2021,2021-11-01,"3784,44",1,Noviembre,11
2021,2021-10-31,"3784,44",31,Octubre,10
2021,2021-10-30,"3784,44",30,Octubre,10
2021,2021-10-29,"3766,1",29,Octubre,10
2021,2021-10-28,"3761,21",28,Octubre,10
2021,2021-10-27,"3774,46",27,Octubre,10
2021,2021-10-26,"3769,98",26,Octubre,10
2021,2021-10-25,"3780,38",25,Octubre,10
2021,2021-10-24,"3780,38",24,Octubre,10
2021,2021-10-23,"3780,38",23,Octubre,10
2021,2021-10-22,"3783,3",22,Octubre,10
2021,2021-10-21,"3770,58",21,Octubre,10
2021,2021-10-20,"3766,94",20,Octubre,10
2021,2021-10-19,"3772,49",19,Octubre,10
2021,2021-10-18,"3772,49",18,Octubre,10
2021,2021-10-17,"3772,49",17,Octubre,10
2021,2021-10-16,"3772,49",16,Octubre,10
2021,2021-10-15,"3755,29",15,Octubre,10
2021,2021-10-14,"3725,75",14,Octubre,10
2021,2021-10-13,"3738,48",13,Octubre,10
2021,2021-10-12,"3765,8",12,Octubre,10
2021,2021-10-11,"3765,8",11,Octubre,10
2021,2021-10-10,"3765,8",10,Octubre,10
2021,2021-10-09,"3765,8",9,Octubre,10
2021,2021-10-08,"3772,44",8,Octubre,10
2021,2021-10-07,"3788,03",7,Octubre,10
2021,2021-10-06,"3796,3",6,Octubre,10
2021,2021-10-05,"3786,05",5,Octubre,10
2021,2021-10-04,"3781,35",4,Octubre,10
2021,2021-10-03,"3781,35",3,Octubre,10
2021,2021-10-02,"3781,35",2,Octubre,10
2021,2021-10-01,"3812,77",1,Octubre,10
2021,2021-09-30,"3834,68",30,Septiembre,9
2021,2021-09-29,"3841,94",29,Septiembre,9
2021,2021-09-28,"3837,91",28,Septiembre,9
2021,2021-09-27,"3844,88",27,Septiembre,9
2021,2021-09-26,"3844,88",26,Septiembre,9
2021,2021-09-25,"3844,88",25,Septiembre,9
2021,2021-09-24,"3835,67",24,Septiembre,9
2021,2021-09-23,"3834,66",23,Septiembre,9
2021,2021-09-22,"3843,77",22,Septiembre,9
2021,2021-09-21,"3851,22",21,Septiembre,9
2021,2021-09-20,"3828,18",20,Septiembre,9
2021,2021-09-19,"3828,18",19,Septiembre,9
2021,2021-09-18,"3828,18",18,Septiembre,9
2021,2021-09-17,"3818,16",17,Septiembre,9
2021,2021-09-16,"3825,36",16,Septiembre,9
2021,2021-09-15,"3830,83",15,Septiembre,9
2021,2021-09-14,"3835,27",14,Septiembre,9
2021,2021-09-13,"3836,85",13,Septiembre,9
2021,2021-09-12,"3836,85",12,Septiembre,9
2021,2021-09-11,"3836,85",11,Septiembre,9
2021,2021-09-10,"3829,72",10,Septiembre,9
2021,2021-09-09,"3816,14",9,Septiembre,9
2021,2021-09-08,"3812,76",8,Septiembre,9
2021,2021-09-07,"3790,04",7,Septiembre,9
2021,2021-09-06,"3790,04",6,Septiembre,9
2021,2021-09-05,"3790,04",5,Septiembre,9
2021,2021-09-04,"3790,04",4,Septiembre,9
2021,2021-09-03,"3780,85",3,Septiembre,9
2021,2021-09-02,"3753,3",2,Septiembre,9
2021,2021-09-01,3774,1,Septiembre,9
2021,2021-08-31,"3806,87",31,Agosto,8
2021,2021-08-30,"3834,13",30,Agosto,8
2021,2021-08-29,"3834,13",29,Agosto,8
2021,2021-08-28,"3834,13",28,Agosto,8
2021,2021-08-27,"3870,57",27,Agosto,8
2021,2021-08-26,"3865,04",26,Agosto,8
2021,2021-08-25,"3861,88",25,Agosto,8
2021,2021-08-24,"3867,73",24,Agosto,8
2021,2021-08-23,"3874,95",23,Agosto,8
2021,2021-08-22,"3874,95",22,Agosto,8
2021,2021-08-21,"3874,95",21,Agosto,8
2021,2021-08-20,"3876,08",20,Agosto,8
2021,2021-08-19,"3861,33",19,Agosto,8
2021,2021-08-18,"3868,41",18,Agosto,8
2021,2021-08-17,"3830,25",17,Agosto,8
2021,2021-08-16,"3830,25",16,Agosto,8
2021,2021-08-15,"3830,25",15,Agosto,8
2021,2021-08-14,"3830,25",14,Agosto,8
2021,2021-08-13,"3887,07",13,Agosto,8
2021,2021-08-12,"3950,43",12,Agosto,8
2021,2021-08-11,"3979,8",11,Agosto,8
2021,2021-08-10,"3988,27",10,Agosto,8
2021,2021-08-09,"3949,33",9,Agosto,8
2021,2021-08-08,"3949,33",8,Agosto,8
2021,2021-08-07,"3949,33",7,Agosto,8
2021,2021-08-06,"3910,81",6,Agosto,8
2021,2021-08-05,"3911,36",5,Agosto,8
2021,2021-08-04,"3913,59",4,Agosto,8
2021,2021-08-03,"3865,46",3,Agosto,8
2021,2021-08-02,"3867,88",2,Agosto,8
2021,2021-08-01,"3867,88",1,Agosto,8
2021,2021-07-31,"3867,88",31,Julio,7
2021,2021-07-30,"3836,95",30,Julio,7
2021,2021-07-29,"3902,18",29,Julio,7
2021,2021-07-28,"3918,49",28,Julio,7
2021,2021-07-27,"3904,17",27,Julio,7
2021,2021-07-26,"3874,44",26,Julio,7
2021,2021-07-25,"3874,44",25,Julio,7
2021,2021-07-24,"3874,44",24,Julio,7
2021,2021-07-23,"3866,86",23,Julio,7
2021,2021-07-22,"3855,68",22,Julio,7
2021,2021-07-21,"3842,97",21,Julio,7
2021,2021-07-20,"3842,97",20,Julio,7
2021,2021-07-19,"3808,46",19,Julio,7
2021,2021-07-18,"3808,46",18,Julio,7
2021,2021-07-17,"3808,46",17,Julio,7
2021,2021-07-16,"3809,07",16,Julio,7
2021,2021-07-15,"3796,07",15,Julio,7
2021,2021-07-14,"3826,85",14,Julio,7
2021,2021-07-13,"3824,08",13,Julio,7
2021,2021-07-12,"3829,46",12,Julio,7
2021,2021-07-11,"3829,46",11,Julio,7
2021,2021-07-10,"3829,46",10,Julio,7
2021,2021-07-09,"3850,46",9,Julio,7
2021,2021-07-08,"3815,22",8,Julio,7
2021,2021-07-07,"3782,27",7,Julio,7
2021,2021-07-06,"3777,17",6,Julio,7
2021,2021-07-05,"3777,17",5,Julio,7
2021,2021-07-04,"3777,17",4,Julio,7
2021,2021-07-03,"3777,17",3,Julio,7
2021,2021-07-02,"3775,53",2,Julio,7
2021,2021-07-01,"3748,5",1,Julio,7
2021,2021-06-30,"3756,67",30,Junio,6
2021,2021-06-29,"3713,17",29,Junio,6
2021,2021-06-28,"3739,03",28,Junio,6
2021,2021-06-27,"3739,03",27,Junio,6
2021,2021-06-26,"3739,03",26,Junio,6
2021,2021-06-25,"3770,35",25,Junio,6
2021,2021-06-24,"3773,11",24,Junio,6
2021,2021-06-23,"3784,45",23,Junio,6
2021,2021-06-22,"3758,08",22,Junio,6
2021,2021-06-21,"3753,77",21,Junio,6
2021,2021-06-20,"3753,77",20,Junio,6
2021,2021-06-19,"3753,77",19,Junio,6
2021,2021-06-18,"3730,45",18,Junio,6
2021,2021-06-17,"3690,56",17,Junio,6
2021,2021-06-16,"3693,35",16,Junio,6
2021,2021-06-15,"3626,02",15,Junio,6
2021,2021-06-14,"3626,02",14,Junio,6
2021,2021-06-13,"3626,02",13,Junio,6
2021,2021-06-12,"3626,02",12,Junio,6
2021,2021-06-11,"3589,86",11,Junio,6
2021,2021-06-10,"3588,41",10,Junio,6
2021,2021-06-09,"3597,18",9,Junio,6
2021,2021-06-08,"3609,2",8,Junio,6
2021,2021-06-07,"3609,2",7,Junio,6
2021,2021-06-06,"3609,2",6,Junio,6
2021,2021-06-05,"3609,2",5,Junio,6
2021,2021-06-04,"3657,41",4,Junio,6
2021,2021-06-03,"3642,29",3,Junio,6
2021,2021-06-02,"3671,38",2,Junio,6
2021,2021-06-01,"3715,28",1,Junio,6
2021,2021-05-31,"3715,28",31,Mayo,5
2021,2021-05-30,"3715,28",30,Mayo,5
2021,2021-05-29,"3715,28",29,Mayo,5
2021,2021-05-28,"3729,02",28,Mayo,5
2021,2021-05-27,"3747,48",27,Mayo,5
2021,2021-05-26,"3735,41",26,Mayo,5
2021,2021-05-25,"3750,66",25,Mayo,5
2021,2021-05-24,"3738,19",24,Mayo,5
2021,2021-05-23,"3738,19",23,Mayo,5
2021,2021-05-22,"3738,19",22,Mayo,5
2021,2021-05-21,"3721,57",21,Mayo,5
2021,2021-05-20,"3682,66",20,Mayo,5
2021,2021-05-19,"3655,74",19,Mayo,5
2021,2021-05-18,"3682,84",18,Mayo,5
2021,2021-05-17,"3682,84",17,Mayo,5
2021,2021-05-16,"3682,84",16,Mayo,5
2021,2021-05-15,"3682,84",15,Mayo,5
2021,2021-05-14,"3728,09",14,Mayo,5
2021,2021-05-13,"3734,09",13,Mayo,5
2021,2021-05-12,"3703,2",12,Mayo,5
2021,2021-05-11,"3714,94",11,Mayo,5
2021,2021-05-10,"3765,33",10,Mayo,5
2021,2021-05-09,"3765,33",9,Mayo,5
2021,2021-05-08,"3765,33",8,Mayo,5
2021,2021-05-07,"3800,33",7,Mayo,5
2021,2021-05-06,"3846,28",6,Mayo,5
2021,2021-05-05,"3831,35",5,Mayo,5
2021,2021-05-04,"3816,65",4,Mayo,5
2021,2021-05-03,"3740,14",3,Mayo,5
2021,2021-05-02,"3740,14",2,Mayo,5
2021,2021-05-01,"3740,14",1,Mayo,5
2021,2021-04-30,"3712,89",30,Abril,4
2021,2021-04-29,"3699,74",29,Abril,4
2021,2021-04-28,"3717,46",28,Abril,4
2021,2021-04-27,"3659,62",27,Abril,4
2021,2021-04-26,"3640,07",26,Abril,4
2021,2021-04-25,"3640,07",25,Abril,4
2021,2021-04-24,"3640,07",24,Abril,4
2021,2021-04-23,"3630,81",23,Abril,4
2021,2021-04-22,"3639,12",22,Abril,4
2021,2021-04-21,"3636,26",21,Abril,4
2021,2021-04-20,"3606,42",20,Abril,4
2021,2021-04-19,"3595,57",19,Abril,4
2021,2021-04-18,"3595,57",18,Abril,4
2021,2021-04-17,"3595,57",17,Abril,4
2021,2021-04-16,"3620,4",16,Abril,4
2021,2021-04-15,"3665,49",15,Abril,4
2021,2021-04-14,"3666,17",14,Abril,4
2021,2021-04-13,"3653,57",13,Abril,4
2021,2021-04-12,"3650,23",12,Abril,4
2021,2021-04-11,"3650,23",11,Abril,4
2021,2021-04-10,"3650,23",10,Abril,4
2021,2021-04-09,"3634,07",9,Abril,4
2021,2021-04-08,"3639,62",8,Abril,4
2021,2021-04-07,"3645,14",7,Abril,4
2021,2021-04-06,"3645,79",6,Abril,4
2021,2021-04-05,"3678,62",5,Abril,4
2021,2021-04-04,"3678,62",4,Abril,4
2021,2021-04-03,"3678,62",3,Abril,4
2021,2021-04-02,"3678,62",2,Abril,4
2021,2021-04-01,"3678,62",1,Abril,4
2021,2021-03-31,"3736,91",31,Marzo,3
2021,2021-03-30,"3705,85",30,Marzo,3
2021,2021-03-29,"3665,41",29,Marzo,3
2021,2021-03-28,"3665,41",28,Marzo,3
2021,2021-03-27,"3665,41",27,Marzo,3
2021,2021-03-26,"3658,22",26,Marzo,3
2021,2021-03-25,"3635,12",25,Marzo,3
2021,2021-03-24,"3589,82",24,Marzo,3
2021,2021-03-23,"3553,34",23,Marzo,3
2021,2021-03-22,"3553,34",22,Marzo,3
2021,2021-03-21,"3553,34",21,Marzo,3
2021,2021-03-20,"3553,34",20,Marzo,3
2021,2021-03-19,"3569,45",19,Marzo,3
2021,2021-03-18,"3578,02",18,Marzo,3
2021,2021-03-17,"3553,51",17,Marzo,3
2021,2021-03-16,"3575,63",16,Marzo,3
2021,2021-03-15,"3575,3",15,Marzo,3
2021,2021-03-14,"3575,3",14,Marzo,3
2021,2021-03-13,"3575,3",13,Marzo,3
2021,2021-03-12,"3534,62",12,Marzo,3
2021,2021-03-11,"3561,91",11,Marzo,3
2021,2021-03-10,"3598,77",10,Marzo,3
2021,2021-03-09,"3623,61",9,Marzo,3
2021,2021-03-08,"3640,2",8,Marzo,3
2021,2021-03-07,"3640,2",7,Marzo,3
2021,2021-03-06,"3640,2",6,Marzo,3
2021,2021-03-05,"3647,99",5,Marzo,3
2021,2021-03-04,"3676,94",4,Marzo,3
2021,2021-03-03,"3646,61",3,Marzo,3
2021,2021-03-02,"3622,36",2,Marzo,3
2021,2021-03-01,"3624,39",1,Marzo,3
2021,2021-02-28,"3624,39",28,Febrero,2
2021,2021-02-27,"3624,39",27,Febrero,2
2021,2021-02-26,"3588,23",26,Febrero,2
2021,2021-02-25,"3578,29",25,Febrero,2
2021,2021-02-24,"3590,37",24,Febrero,2
2021,2021-02-23,"3602,41",23,Febrero,2
2021,2021-02-22,"3555,4",22,Febrero,2
2021,2021-02-21,"3555,4",21,Febrero,2
2021,2021-02-20,"3555,4",20,Febrero,2
2021,2021-02-19,"3537,86",19,Febrero,2
2021,2021-02-18,"3545,84",18,Febrero,2
2021,2021-02-17,"3518,19",17,Febrero,2
2021,2021-02-16,"3515,65",16,Febrero,2
2021,2021-02-15,"3515,65",15,Febrero,2
2021,2021-02-14,"3515,65",14,Febrero,2
2021,2021-02-13,"3515,65",13,Febrero,2
2021,2021-02-12,"3525,45",12,Febrero,2
2021,2021-02-11,"3557,16",11,Febrero,2
2021,2021-02-10,"3583,23",10,Febrero,2
2021,2021-02-09,"3554,65",9,Febrero,2
2021,2021-02-08,"3543,28",8,Febrero,2
2021,2021-02-07,"3543,28",7,Febrero,2
2021,2021-02-06,"3543,28",6,Febrero,2
2021,2021-02-05,"3558,63",5,Febrero,2
2021,2021-02-04,"3522,57",4,Febrero,2
2021,2021-02-03,"3534,99",3,Febrero,2
2021,2021-02-02,"3561,37",2,Febrero,2
2021,2021-02-01,"3559,46",1,Febrero,2
2021,2021-01-31,"3559,46",31,Enero,1
2021,2021-01-30,"3559,46",30,Enero,1
2021,2021-01-29,"3585,44",29,Enero,1
2021,2021-01-28,"3636,91",28,Enero,1
2021,2021-01-27,"3591,48",27,Enero,1
2021,2021-01-26,"3582,41",26,Enero,1
2021,2021-01-25,"3525,25",25,Enero,1
2021,2021-01-24,"3525,25",24,Enero,1
2021,2021-01-23,"3525,25",23,Enero,1
2021,2021-01-22,"3477,48",22,Enero,1
2021,2021-01-21,"3476,19",21,Enero,1
2021,2021-01-20,"3482,03",20,Enero,1
2021,2021-01-19,"3466,8",19,Enero,1
2021,2021-01-18,"3466,8",18,Enero,1
2021,2021-01-17,"3466,8",17,Enero,1
2021,2021-01-16,"3466,8",16,Enero,1
2021,2021-01-15,"3469,76",15,Enero,1
2021,2021-01-14,"3478,36",14,Enero,1
2021,2021-01-13,"3487,65",13,Enero,1
2021,2021-01-12,"3478,11",12,Enero,1
2021,2021-01-11,"3478,11",11,Enero,1
2021,2021-01-10,"3478,11",10,Enero,1
2021,2021-01-09,"3478,11",9,Enero,1
2021,2021-01-08,"3459,39",8,Enero,1
2021,2021-01-07,"3428,04",7,Enero,1
2021,2021-01-06,"3450,74",6,Enero,1
2021,2021-01-05,"3420,78",5,Enero,1
2021,2021-01-04,"3432,5",4,Enero,1
2021,2021-01-03,"3432,5",3,Enero,1
2021,2021-01-02,"3432,5",2,Enero,1
2021,2021-01-01,"3432,5",1,Enero,1
2020,2020-12-31,"3432,5",31,Diciembre,12
2020,2020-12-30,"3482,1",30,Diciembre,12
2020,2020-12-29,"3495,39",29,Diciembre,12
2020,2020-12-28,"3493,77",28,Diciembre,12
2020,2020-12-27,"3493,77",27,Diciembre,12
2020,2020-12-26,"3493,77",26,Diciembre,12
2020,2020-12-25,"3493,77",25,Diciembre,12
2020,2020-12-24,"3482,51",24,Diciembre,12
2020,2020-12-23,"3444,9",23,Diciembre,12
2020,2020-12-22,"3442,41",22,Diciembre,12
2020,2020-12-21,"3420,26",21,Diciembre,12
2020,2020-12-20,"3420,26",20,Diciembre,12
2020,2020-12-19,"3420,26",19,Diciembre,12
2020,2020-12-18,"3410,82",18,Diciembre,12
2020,2020-12-17,"3416,21",17,Diciembre,12
2020,2020-12-16,"3422,44",16,Diciembre,12
2020,2020-12-15,"3426,97",15,Diciembre,12
2020,2020-12-14,"3433,45",14,Diciembre,12
2020,2020-12-13,"3433,45",13,Diciembre,12
2020,2020-12-12,"3433,45",12,Diciembre,12
2020,2020-12-11,"3448,89",11,Diciembre,12
2020,2020-12-10,"3465,76",10,Diciembre,12
2020,2020-12-09,"3487,65",9,Diciembre,12
2020,2020-12-08,"3487,65",8,Diciembre,12
2020,2020-12-07,"3467,49",7,Diciembre,12
2020,2020-12-06,"3467,49",6,Diciembre,12
2020,2020-12-05,"3467,49",5,Diciembre,12
2020,2020-12-04,"3481,44",4,Diciembre,12
2020,2020-12-03,"3533,21",3,Diciembre,12
2020,2020-12-02,"3558,57",2,Diciembre,12
2020,2020-12-01,"3591,84",1,Diciembre,12
2020,2020-11-30,"3611,44",30,Noviembre,11
2020,2020-11-29,"3611,44",29,Noviembre,11
2020,2020-11-28,"3611,44",28,Noviembre,11
2020,2020-11-27,"3620,39",27,Noviembre,11
2020,2020-11-26,"3620,39",26,Noviembre,11
2020,2020-11-25,"3643,24",25,Noviembre,11
2020,2020-11-24,"3632,92",24,Noviembre,11
2020,2020-11-23,"3649,9",23,Noviembre,11
2020,2020-11-22,"3649,9",22,Noviembre,11
2020,2020-11-21,"3649,9",21,Noviembre,11
2020,2020-11-20,"3647,1",20,Noviembre,11
2020,2020-11-19,"3647,73",19,Noviembre,11
2020,2020-11-18,"3635,19",18,Noviembre,11
2020,2020-11-17,"3639,95",17,Noviembre,11
2020,2020-11-16,"3639,95",16,Noviembre,11
2020,2020-11-15,"3639,95",15,Noviembre,11
2020,2020-11-14,"3639,95",14,Noviembre,11
2020,2020-11-13,"3646,22",13,Noviembre,11
2020,2020-11-12,"3650,5",12,Noviembre,11
2020,2020-11-11,"3650,5",11,Noviembre,11
2020,2020-11-10,"3646,15",10,Noviembre,11
2020,2020-11-09,"3738,19",9,Noviembre,11
2020,2020-11-08,"3738,19",8,Noviembre,11
2020,2020-11-07,"3738,19",7,Noviembre,11
2020,2020-11-06,"3763,82",6,Noviembre,11
2020,2020-11-05,"3807,13",5,Noviembre,11
2020,2020-11-04,"3823,45",4,Noviembre,11
2020,2020-11-03,"3858,56",3,Noviembre,11
2020,2020-11-02,"3858,56",2,Noviembre,11
2020,2020-11-01,"3858,56",1,Noviembre,11
2020,2020-10-31,"3858,56",31,Octubre,10
2020,2020-10-30,"3849,53",30,Octubre,10
2020,2020-10-29,"3841,46",29,Octubre,10
2020,2020-10-28,"3810,23",28,Octubre,10
2020,2020-10-27,"3812,82",27,Octubre,10
2020,2020-10-26,"3782,66",26,Octubre,10
2020,2020-10-25,"3782,66",25,Octubre,10
2020,2020-10-24,"3782,66",24,Octubre,10
2020,2020-10-23,"3776,73",23,Octubre,10
2020,2020-10-22,"3784,51",22,Octubre,10
2020,2020-10-21,"3830,79",21,Octubre,10
2020,2020-10-20,"3842,76",20,Octubre,10
2020,2020-10-19,"3846,48",19,Octubre,10
2020,2020-10-18,"3846,48",18,Octubre,10
2020,2020-10-17,"3846,48",17,Octubre,10
2020,2020-10-16,"3854,47",16,Octubre,10
2020,2020-10-15,"3843,59",15,Octubre,10
2020,2020-10-14,"3856,32",14,Octubre,10
2020,2020-10-13,"3824,25",13,Octubre,10
2020,2020-10-12,"3824,25",12,Octubre,10
2020,2020-10-11,"3824,25",11,Octubre,10
2020,2020-10-10,"3824,25",10,Octubre,10
2020,2020-10-09,"3839,73",9,Octubre,10
2020,2020-10-08,"3837,79",8,Octubre,10
2020,2020-10-07,"3826,77",7,Octubre,10
2020,2020-10-06,"3843,75",6,Octubre,10
2020,2020-10-05,"3881,8",5,Octubre,10
2020,2020-10-04,"3881,8",4,Octubre,10
2020,2020-10-03,"3881,8",3,Octubre,10
2020,2020-10-02,"3842,34",2,Octubre,10
2020,2020-10-01,"3865,47",1,Octubre,10
2020,2020-09-30,"3878,94",30,Septiembre,9
2020,2020-09-29,"3859,9",29,Septiembre,9
2020,2020-09-28,"3867,81",28,Septiembre,9
2020,2020-09-27,"3867,81",27,Septiembre,9
2020,2020-09-26,"3867,81",26,Septiembre,9
2020,2020-09-25,"3873,8",25,Septiembre,9
2020,2020-09-24,"3863,6",24,Septiembre,9
2020,2020-09-23,"3813,3",23,Septiembre,9
2020,2020-09-22,"3790,54",22,Septiembre,9
2020,2020-09-21,"3725,37",21,Septiembre,9
2020,2020-09-20,"3725,37",20,Septiembre,9
2020,2020-09-19,"3725,37",19,Septiembre,9
2020,2020-09-18,"3714,65",18,Septiembre,9
2020,2020-09-17,"3703,86",17,Septiembre,9
2020,2020-09-16,"3683,49",16,Septiembre,9
2020,2020-09-15,3697,15,Septiembre,9
2020,2020-09-14,3709,14,Septiembre,9
2020,2020-09-13,3709,13,Septiembre,9
2020,2020-09-12,3709,12,Septiembre,9
2020,2020-09-11,"3700,28",11,Septiembre,9
2020,2020-09-10,"3717,25",10,Septiembre,9
2020,2020-09-09,"3757,21",9,Septiembre,9
2020,2020-09-08,"3702,62",8,Septiembre,9
2020,2020-09-07,"3702,62",7,Septiembre,9
2020,2020-09-06,"3702,62",6,Septiembre,9
2020,2020-09-05,"3702,62",5,Septiembre,9
2020,2020-09-04,"3653,23",4,Septiembre,9
2020,2020-09-03,"3653,7",3,Septiembre,9
2020,2020-09-02,"3683,28",2,Septiembre,9
2020,2020-09-01,"3745,41",1,Septiembre,9
2020,2020-08-31,"3760,38",31,Agosto,8
2020,2020-08-30,"3760,38",30,Agosto,8
2020,2020-08-29,"3760,38",29,Agosto,8
2020,2020-08-28,"3820,17",28,Agosto,8
2020,2020-08-27,"3846,64",27,Agosto,8
2020,2020-08-26,"3867,32",26,Agosto,8
2020,2020-08-25,"3843,69",25,Agosto,8
2020,2020-08-24,"3827,27",24,Agosto,8
2020,2020-08-23,"3827,27",23,Agosto,8
2020,2020-08-22,"3827,27",22,Agosto,8
2020,2020-08-21,"3792,13",21,Agosto,8
2020,2020-08-20,"3766,73",20,Agosto,8
2020,2020-08-19,"3784,15",19,Agosto,8
2020,2020-08-18,"3783,15",18,Agosto,8
2020,2020-08-17,"3783,15",17,Agosto,8
2020,2020-08-16,"3783,15",16,Agosto,8
2020,2020-08-15,"3783,15",15,Agosto,8
2020,2020-08-14,"3767,05",14,Agosto,8
2020,2020-08-13,"3755,61",13,Agosto,8
2020,2020-08-12,"3749,3",12,Agosto,8
2020,2020-08-11,"3770,22",11,Agosto,8
2020,2020-08-10,"3769,67",10,Agosto,8
2020,2020-08-09,"3769,67",9,Agosto,8
2020,2020-08-08,"3769,67",8,Agosto,8
2020,2020-08-07,"3769,67",7,Agosto,8
2020,2020-08-06,"3775,95",6,Agosto,8
2020,2020-08-05,"3792,98",5,Agosto,8
2020,2020-08-04,"3768,39",4,Agosto,8
2020,2020-08-03,"3733,08",3,Agosto,8
2020,2020-08-02,"3733,08",2,Agosto,8
2020,2020-08-01,"3733,08",1,Agosto,8
2020,2020-07-31,"3739,49",31,Julio,7
2020,2020-07-30,"3716,89",30,Julio,7
2020,2020-07-29,"3718,69",29,Julio,7
2020,2020-07-28,"3679,17",28,Julio,7
2020,2020-07-27,"3690,8",27,Julio,7
2020,2020-07-26,"3690,8",26,Julio,7
2020,2020-07-25,"3690,8",25,Julio,7
2020,2020-07-24,"3660,15",24,Julio,7
2020,2020-07-23,"3627,28",23,Julio,7
2020,2020-07-22,"3628,2",22,Julio,7
2020,2020-07-21,"3651,93",21,Julio,7
2020,2020-07-20,"3651,93",20,Julio,7
2020,2020-07-19,"3651,93",19,Julio,7
2020,2020-07-18,"3651,93",18,Julio,7
2020,2020-07-17,"3627,86",17,Julio,7
2020,2020-07-16,"3611,61",16,Julio,7
2020,2020-07-15,"3638,22",15,Julio,7
2020,2020-07-14,"3617,22",14,Julio,7
2020,2020-07-13,"3615,75",13,Julio,7
2020,2020-07-12,"3615,75",12,Julio,7
2020,2020-07-11,"3615,75",11,Julio,7
2020,2020-07-10,"3633,42",10,Julio,7
2020,2020-07-09,"3625,61",9,Julio,7
2020,2020-07-08,"3631,54",8,Julio,7
2020,2020-07-07,"3633,32",7,Julio,7
2020,2020-07-06,"3645,9",6,Julio,7
2020,2020-07-05,"3645,9",5,Julio,7
2020,2020-07-04,"3645,9",4,Julio,7
2020,2020-07-03,"3660,18",3,Julio,7
2020,2020-07-02,"3723,67",2,Julio,7
2020,2020-07-01,"3756,28",1,Julio,7
2020,2020-06-30,"3758,91",30,Junio,6
2020,2020-06-29,"3758,91",29,Junio,6
2020,2020-06-28,"3758,91",28,Junio,6
2020,2020-06-27,"3758,91",27,Junio,6
2020,2020-06-26,"3735,93",26,Junio,6
2020,2020-06-25,"3722,27",25,Junio,6
2020,2020-06-24,"3706,06",24,Junio,6
2020,2020-06-23,"3733,27",23,Junio,6
2020,2020-06-22,"3733,27",22,Junio,6
2020,2020-06-21,"3733,27",21,Junio,6
2020,2020-06-20,"3733,27",20,Junio,6
2020,2020-06-19,"3760,22",19,Junio,6
2020,2020-06-18,"3749,03",18,Junio,6
2020,2020-06-17,"3741,88",17,Junio,6
2020,2020-06-16,"3758,15",16,Junio,6
2020,2020-06-15,"3758,15",15,Junio,6
2020,2020-06-14,"3758,15",14,Junio,6
2020,2020-06-13,"3758,15",13,Junio,6
2020,2020-06-12,"3746,46",12,Junio,6
2020,2020-06-11,"3674,81",11,Junio,6
2020,2020-06-10,"3643,02",10,Junio,6
2020,2020-06-09,3599,9,Junio,6
2020,2020-06-08,"3565,06",8,Junio,6
2020,2020-06-07,"3565,06",7,Junio,6
2020,2020-06-06,"3565,06",6,Junio,6
2020,2020-06-05,"3597,47",5,Junio,6
2020,2020-06-04,"3588,89",4,Junio,6
2020,2020-06-03,"3651,42",3,Junio,6
2020,2020-06-02,"3716,35",2,Junio,6
2020,2020-06-01,"3718,82",1,Junio,6
2020,2020-05-31,"3718,82",31,Mayo,5
2020,2020-05-30,"3718,82",30,Mayo,5
2020,2020-05-29,"3723,42",29,Mayo,5
2020,2020-05-28,"3743,79",28,Mayo,5
2020,2020-05-27,"3725,56",27,Mayo,5
2020,2020-05-26,"3782,66",26,Mayo,5
2020,2020-05-25,"3782,66",25,Mayo,5
2020,2020-05-24,"3782,66",24,Mayo,5
2020,2020-05-23,"3782,66",23,Mayo,5
2020,2020-05-22,"3774,25",22,Mayo,5
2020,2020-05-21,"3804,12",21,Mayo,5
2020,2020-05-20,"3824,3",20,Mayo,5
2020,2020-05-19,"3851,07",19,Mayo,5
2020,2020-05-18,"3926,06",18,Mayo,5
2020,2020-05-17,"3926,06",17,Mayo,5
2020,2020-05-16,"3926,06",16,Mayo,5
2020,2020-05-15,"3947,79",15,Mayo,5
2020,2020-05-14,"3901,3",14,Mayo,5
2020,2020-05-13,"3880,48",13,Mayo,5
2020,2020-05-12,"3901,34",12,Mayo,5
2020,2020-05-11,"3882,27",11,Mayo,5
2020,2020-05-10,"3882,27",10,Mayo,5
2020,2020-05-09,"3882,27",9,Mayo,5
2020,2020-05-08,"3924,54",8,Mayo,5
2020,2020-05-07,"3961,66",7,Mayo,5
2020,2020-05-06,"3926,07",6,Mayo,5
2020,2020-05-05,"3990,1",5,Mayo,5
2020,2020-05-04,"3932,72",4,Mayo,5
2020,2020-05-03,"3932,72",3,Mayo,5
2020,2020-05-02,"3932,72",2,Mayo,5
2020,2020-05-01,"3932,72",1,Mayo,5
2020,2020-04-30,"3983,29",30,Abril,4
2020,2020-04-29,"4046,04",29,Abril,4
2020,2020-04-28,"4039,83",28,Abril,4
2020,2020-04-27,"4039,87",27,Abril,4
2020,2020-04-26,"4039,87",26,Abril,4
2020,2020-04-25,"4039,87",25,Abril,4
2020,2020-04-24,"4020,94",24,Abril,4
2020,2020-04-23,"4037,95",23,Abril,4
2020,2020-04-22,"4045,01",22,Abril,4
2020,2020-04-21,"3967,76",21,Abril,4
2020,2020-04-20,"3973,06",20,Abril,4
2020,2020-04-19,"3973,06",19,Abril,4
2020,2020-04-18,"3973,06",18,Abril,4
2020,2020-04-17,"3942,92",17,Abril,4
2020,2020-04-16,"3920,83",16,Abril,4
2020,2020-04-15,"3858,21",15,Abril,4
2020,2020-04-14,"3870,31",14,Abril,4
2020,2020-04-13,"3886,79",13,Abril,4
2020,2020-04-12,"3886,79",12,Abril,4
2020,2020-04-11,"3886,79",11,Abril,4
2020,2020-04-10,"3886,79",10,Abril,4
2020,2020-04-09,"3886,79",9,Abril,4
2020,2020-04-08,"3910,15",8,Abril,4
2020,2020-04-07,"3978,38",7,Abril,4
2020,2020-04-06,"4008,78",6,Abril,4
2020,2020-04-05,"4008,78",5,Abril,4
2020,2020-04-04,"4008,78",4,Abril,4
2020,2020-04-03,"4065,5",3,Abril,4
2020,2020-04-02,"4081,06",2,Abril,4
2020,2020-04-01,"4054,54",1,Abril,4
2020,2020-03-31,"4064,81",31,Marzo,3
2020,2020-03-30,"4042,8",30,Marzo,3
2020,2020-03-29,"4042,8",29,Marzo,3
2020,2020-03-28,"4042,8",28,Marzo,3
2020,2020-03-27,"3995,83",27,Marzo,3
2020,2020-03-26,"4086,34",26,Marzo,3
2020,2020-03-25,"4104,9",25,Marzo,3
2020,2020-03-24,"4079,96",24,Marzo,3
2020,2020-03-23,"4079,96",23,Marzo,3
2020,2020-03-22,"4079,96",22,Marzo,3
2020,2020-03-21,"4079,96",21,Marzo,3
2020,2020-03-20,"4153,91",20,Marzo,3
2020,2020-03-19,"4128,38",19,Marzo,3
2020,2020-03-18,"4044,55",18,Marzo,3
2020,2020-03-17,"4099,93",17,Marzo,3
2020,2020-03-16,"3941,92",16,Marzo,3
2020,2020-03-15,"3941,92",15,Marzo,3
2020,2020-03-14,"3941,92",14,Marzo,3
2020,2020-03-13,"4034,66",13,Marzo,3
2020,2020-03-12,"3835,15",12,Marzo,3
2020,2020-03-11,"3780,39",11,Marzo,3
2020,2020-03-10,"3803,6",10,Marzo,3
2020,2020-03-09,"3584,58",9,Marzo,3
2020,2020-03-08,"3584,58",8,Marzo,3
2020,2020-03-07,"3584,58",7,Marzo,3
2020,2020-03-06,"3522,41",6,Marzo,3
2020,2020-03-05,"3458,45",5,Marzo,3
2020,2020-03-04,"3455,56",4,Marzo,3
2020,2020-03-03,"3512,17",3,Marzo,3
2020,2020-03-02,"3539,86",2,Marzo,3
2020,2020-03-01,"3539,86",1,Marzo,3
2020,2020-02-29,"3539,86",29,Febrero,2
2020,2020-02-28,"3507,11",28,Febrero,2
2020,2020-02-27,"3441,88",27,Febrero,2
2020,2020-02-26,"3425,22",26,Febrero,2
2020,2020-02-25,"3431,6",25,Febrero,2
2020,2020-02-24,"3398,05",24,Febrero,2
2020,2020-02-23,"3398,05",23,Febrero,2
2020,2020-02-22,"3398,05",22,Febrero,2
2020,2020-02-21,"3403,5",21,Febrero,2
2020,2020-02-20,"3400,98",20,Febrero,2
2020,2020-02-19,"3410,24",19,Febrero,2
2020,2020-02-18,"3378,29",18,Febrero,2
2020,2020-02-17,"3378,29",17,Febrero,2
2020,2020-02-16,"3378,29",16,Febrero,2
2020,2020-02-15,"3378,29",15,Febrero,2
2020,2020-02-14,"3385,11",14,Febrero,2
2020,2020-02-13,"3394,8",13,Febrero,2
2020,2020-02-12,"3432,89",12,Febrero,2
2020,2020-02-11,"3440,96",11,Febrero,2
2020,2020-02-10,"3408,35",10,Febrero,2
2020,2020-02-09,"3408,35",9,Febrero,2
2020,2020-02-08,"3408,35",8,Febrero,2
2020,2020-02-07,"3378,43",7,Febrero,2
2020,2020-02-06,"3355,44",6,Febrero,2
2020,2020-02-05,"3368,87",5,Febrero,2
2020,2020-02-04,"3401,56",4,Febrero,2
2020,2020-02-03,"3423,24",3,Febrero,2
2020,2020-02-02,"3423,24",2,Febrero,2
2020,2020-02-01,"3423,24",1,Febrero,2
2020,2020-01-31,"3411,45",31,Enero,1
2020,2020-01-30,"3395,1",30,Enero,1
2020,2020-01-29,"3392,6",29,Enero,1
2020,2020-01-28,"3398,4",28,Enero,1
2020,2020-01-27,"3366,01",27,Enero,1
2020,2020-01-26,"3366,01",26,Enero,1
2020,2020-01-25,"3366,01",25,Enero,1
2020,2020-01-24,"3353,76",24,Enero,1
2020,2020-01-23,"3337,77",23,Enero,1
2020,2020-01-22,"3347,91",22,Enero,1
2020,2020-01-21,"3320,77",21,Enero,1
2020,2020-01-20,"3320,77",20,Enero,1
2020,2020-01-19,"3320,77",19,Enero,1
2020,2020-01-18,"3320,77",18,Enero,1
2020,2020-01-17,"3313,4",17,Enero,1
2020,2020-01-16,"3296,74",16,Enero,1
2020,2020-01-15,"3278,83",15,Enero,1
2020,2020-01-14,"3288,05",14,Enero,1
2020,2020-01-13,"3272,62",13,Enero,1
2020,2020-01-12,"3272,62",12,Enero,1
2020,2020-01-11,"3272,62",11,Enero,1
2020,2020-01-10,"3253,89",10,Enero,1
2020,2020-01-09,"3254,42",9,Enero,1
2020,2020-01-08,"3264,26",8,Enero,1
2020,2020-01-07,"3262,05",7,Enero,1
2020,2020-01-06,"3262,05",6,Enero,1
2020,2020-01-05,"3262,05",5,Enero,1
2020,2020-01-04,"3262,05",4,Enero,1
2020,2020-01-03,"3258,84",3,Enero,1
2020,2020-01-02,"3277,14",2,Enero,1
2020,2020-01-01,"3277,14",1,Enero,1
2019,2019-12-31,"3277,14",31,Diciembre,12
2019,2019-12-30,"3294,05",30,Diciembre,12
2019,2019-12-29,"3294,05",29,Diciembre,12
2019,2019-12-28,"3294,05",28,Diciembre,12
2019,2019-12-27,"3281,4",27,Diciembre,12
2019,2019-12-26,"3305,84",26,Diciembre,12
2019,2019-12-25,"3305,84",25,Diciembre,12
2019,2019-12-24,"3316,92",24,Diciembre,12
2019,2019-12-23,"3325,47",23,Diciembre,12
2019,2019-12-22,"3325,47",22,Diciembre,12
2019,2019-12-21,"3325,47",21,Diciembre,12
2019,2019-12-20,"3322,38",20,Diciembre,12
2019,2019-12-19,"3329,98",19,Diciembre,12
2019,2019-12-18,"3347,86",18,Diciembre,12
2019,2019-12-17,"3364,24",17,Diciembre,12
2019,2019-12-16,"3374,29",16,Diciembre,12
2019,2019-12-15,"3374,29",15,Diciembre,12
2019,2019-12-14,"3374,29",14,Diciembre,12
2019,2019-12-13,"3372,23",13,Diciembre,12
2019,2019-12-12,"3387,73",12,Diciembre,12
2019,2019-12-11,"3418,61",11,Diciembre,12
2019,2019-12-10,"3418,48",10,Diciembre,12
2019,2019-12-09,"3430,31",9,Diciembre,12
2019,2019-12-08,"3430,31",8,Diciembre,12
2019,2019-12-07,"3430,31",7,Diciembre,12
2019,2019-12-06,"3459,97",6,Diciembre,12
2019,2019-12-05,"3478,57",5,Diciembre,12
2019,2019-12-04,"3506,67",4,Diciembre,12
2019,2019-12-03,"3508,39",3,Diciembre,12
2019,2019-12-02,"3522,48",2,Diciembre,12
2019,2019-12-01,"3522,48",1,Diciembre,12
2019,2019-11-30,"3522,48",30,Noviembre,11
2019,2019-11-29,"3502,92",29,Noviembre,11
2019,2019-11-28,"3502,92",28,Noviembre,11
2019,2019-11-27,"3469,01",27,Noviembre,11
2019,2019-11-26,"3433,94",26,Noviembre,11
2019,2019-11-25,"3410,77",25,Noviembre,11
2019,2019-11-24,"3410,77",24,Noviembre,11
2019,2019-11-23,"3410,77",23,Noviembre,11
2019,2019-11-22,"3440,66",22,Noviembre,11
2019,2019-11-21,"3445,95",21,Noviembre,11
2019,2019-11-20,"3434,49",20,Noviembre,11
2019,2019-11-19,"3447,74",19,Noviembre,11
2019,2019-11-18,"3421,26",18,Noviembre,11
2019,2019-11-17,"3421,26",17,Noviembre,11
2019,2019-11-16,"3421,26",16,Noviembre,11
2019,2019-11-15,"3452,67",15,Noviembre,11
2019,2019-11-14,"3441,89",14,Noviembre,11
2019,2019-11-13,"3384,21",13,Noviembre,11
2019,2019-11-12,"3341,01",12,Noviembre,11
2019,2019-11-11,"3341,01",11,Noviembre,11
2019,2019-11-10,"3341,01",10,Noviembre,11
2019,2019-11-09,"3341,01",9,Noviembre,11
2019,2019-11-08,"3327,02",8,Noviembre,11
2019,2019-11-07,"3319,64",7,Noviembre,11
2019,2019-11-06,"3318,47",6,Noviembre,11
2019,2019-11-05,"3339,19",5,Noviembre,11
2019,2019-11-04,"3339,19",4,Noviembre,11
2019,2019-11-03,"3339,19",3,Noviembre,11
2019,2019-11-02,"3339,19",2,Noviembre,11
2019,2019-11-01,"3383,29",1,Noviembre,11
2019,2019-10-31,"3389,94",31,Octubre,10
2019,2019-10-30,"3380,9",30,Octubre,10
2019,2019-10-29,"3382,19",29,Octubre,10
2019,2019-10-28,"3395,25",28,Octubre,10
2019,2019-10-27,"3395,25",27,Octubre,10
2019,2019-10-26,"3395,25",26,Octubre,10
2019,2019-10-25,"3387,72",25,Octubre,10
2019,2019-10-24,"3409,29",24,Octubre,10
2019,2019-10-23,"3430,3",23,Octubre,10
2019,2019-10-22,"3442,78",22,Octubre,10
2019,2019-10-21,"3428,63",21,Octubre,10
2019,2019-10-20,"3428,63",20,Octubre,10
2019,2019-10-19,"3428,63",19,Octubre,10
2019,2019-10-18,"3465,35",18,Octubre,10
2019,2019-10-17,"3459,55",17,Octubre,10
2019,2019-10-16,"3451,33",16,Octubre,10
2019,2019-10-15,"3431,46",15,Octubre,10
2019,2019-10-14,"3431,46",14,Octubre,10
2019,2019-10-13,"3431,46",13,Octubre,10
2019,2019-10-12,"3431,46",12,Octubre,10
2019,2019-10-11,"3458,42",11,Octubre,10
2019,2019-10-10,"3454,56",10,Octubre,10
2019,2019-10-09,"3452,57",9,Octubre,10
2019,2019-10-08,"3445,76",8,Octubre,10
2019,2019-10-07,"3430,28",7,Octubre,10
2019,2019-10-06,"3430,28",6,Octubre,10
2019,2019-10-05,"3430,28",5,Octubre,10
2019,2019-10-04,"3467,6",4,Octubre,10
2019,2019-10-03,"3497,34",3,Octubre,10
2019,2019-10-02,"3491,29",2,Octubre,10
2019,2019-10-01,"3477,45",1,Octubre,10
2019,2019-09-30,"3462,01",30,Septiembre,9
2019,2019-09-29,"3462,01",29,Septiembre,9
2019,2019-09-28,"3462,01",28,Septiembre,9
2019,2019-09-27,"3435,71",27,Septiembre,9
2019,2019-09-26,"3451,02",26,Septiembre,9
2019,2019-09-25,"3438,66",25,Septiembre,9
2019,2019-09-24,"3437,78",24,Septiembre,9
2019,2019-09-23,"3402,32",23,Septiembre,9
2019,2019-09-22,"3402,32",22,Septiembre,9
2019,2019-09-21,"3402,32",21,Septiembre,9
2019,2019-09-20,"3377,72",20,Septiembre,9
2019,2019-09-19,"3377,79",19,Septiembre,9
2019,2019-09-18,"3380,92",18,Septiembre,9
2019,2019-09-17,"3364,43",17,Septiembre,9
2019,2019-09-16,"3356,15",16,Septiembre,9
2019,2019-09-15,"3356,15",15,Septiembre,9
2019,2019-09-14,"3356,15",14,Septiembre,9
2019,2019-09-13,"3359,2",13,Septiembre,9
2019,2019-09-12,"3372,48",12,Septiembre,9
2019,2019-09-11,"3373,75",11,Septiembre,9
2019,2019-09-10,"3368,8",10,Septiembre,9
2019,2019-09-09,"3361,7",9,Septiembre,9
2019,2019-09-08,"3361,7",8,Septiembre,9
2019,2019-09-07,"3361,7",7,Septiembre,9
2019,2019-09-06,"3377,39",6,Septiembre,9
2019,2019-09-05,"3401,04",5,Septiembre,9
2019,2019-09-04,"3438,61",4,Septiembre,9
2019,2019-09-03,"3427,29",3,Septiembre,9
2019,2019-09-02,"3427,29",2,Septiembre,9
2019,2019-09-01,"3427,29",1,Septiembre,9
2019,2019-08-31,"3427,29",31,Agosto,8
2019,2019-08-30,"3464,15",30,Agosto,8
2019,2019-08-29,"3477,53",29,Agosto,8
2019,2019-08-28,"3457,89",28,Agosto,8
2019,2019-08-27,"3432,85",27,Agosto,8
2019,2019-08-26,"3399,95",26,Agosto,8
2019,2019-08-25,"3399,95",25,Agosto,8
2019,2019-08-24,"3399,95",24,Agosto,8
2019,2019-08-23,"3376,99",23,Agosto,8
2019,2019-08-22,"3385,28",22,Agosto,8
2019,2019-08-21,"3420,99",21,Agosto,8
2019,2019-08-20,"3441,4",20,Agosto,8
2019,2019-08-19,"3441,4",19,Agosto,8
2019,2019-08-18,"3441,4",18,Agosto,8
2019,2019-08-17,"3441,4",17,Agosto,8
2019,2019-08-16,"3447,76",16,Agosto,8
2019,2019-08-15,"3449,27",15,Agosto,8
2019,2019-08-14,"3407,76",14,Agosto,8
2019,2019-08-13,"3436,26",13,Agosto,8
2019,2019-08-12,"3382,71",12,Agosto,8
2019,2019-08-11,"3382,71",11,Agosto,8
2019,2019-08-10,"3382,71",10,Agosto,8
2019,2019-08-09,"3394,61",9,Agosto,8
2019,2019-08-08,"3431,28",8,Agosto,8
2019,2019-08-07,"3431,28",7,Agosto,8
2019,2019-08-06,"3459,47",6,Agosto,8
2019,2019-08-05,"3365,78",5,Agosto,8
2019,2019-08-04,"3365,78",4,Agosto,8
2019,2019-08-03,"3365,78",3,Agosto,8
2019,2019-08-02,"3329,23",2,Agosto,8
2019,2019-08-01,"3291,79",1,Agosto,8
2019,2019-07-31,"3296,85",31,Julio,7
2019,2019-07-30,"3262,81",30,Julio,7
2019,2019-07-29,"3233,26",29,Julio,7
2019,2019-07-28,"3233,26",28,Julio,7
2019,2019-07-27,"3233,26",27,Julio,7
2019,2019-07-26,"3213,09",26,Julio,7
2019,2019-07-25,"3194,67",25,Julio,7
2019,2019-07-24,"3188,01",24,Julio,7
2019,2019-07-23,"3177,76",23,Julio,7
2019,2019-07-22,"3169,51",22,Julio,7
2019,2019-07-21,"3169,51",21,Julio,7
2019,2019-07-20,"3169,51",20,Julio,7
2019,2019-07-19,"3183,01",19,Julio,7
2019,2019-07-18,"3189,21",18,Julio,7
2019,2019-07-17,"3199,72",17,Julio,7
2019,2019-07-16,"3190,66",16,Julio,7
2019,2019-07-15,"3190,33",15,Julio,7
2019,2019-07-14,"3190,33",14,Julio,7
2019,2019-07-13,"3190,33",13,Julio,7
2019,2019-07-12,"3197,5",12,Julio,7
2019,2019-07-11,"3212,91",11,Julio,7
2019,2019-07-10,"3223,67",10,Julio,7
2019,2019-07-09,"3207,66",9,Julio,7
2019,2019-07-08,"3217,18",8,Julio,7
2019,2019-07-07,"3217,18",7,Julio,7
2019,2019-07-06,"3217,18",6,Julio,7
2019,2019-07-05,"3206,92",5,Julio,7
2019,2019-07-04,"3206,92",4,Julio,7
2019,2019-07-03,"3211,06",3,Julio,7
2019,2019-07-02,"3205,67",2,Julio,7
2019,2019-07-01,"3205,67",1,Julio,7
2019,2019-06-30,"3205,67",30,Junio,6
2019,2019-06-29,"3205,67",29,Junio,6
2019,2019-06-28,"3197,23",28,Junio,6
2019,2019-06-27,"3177,94",27,Junio,6
2019,2019-06-26,"3187,15",26,Junio,6
2019,2019-06-25,"3191,17",25,Junio,6
2019,2019-06-24,"3191,17",24,Junio,6
2019,2019-06-23,"3191,17",23,Junio,6
2019,2019-06-22,"3191,17",22,Junio,6
2019,2019-06-21,"3202,01",21,Junio,6
2019,2019-06-20,"3248,91",20,Junio,6
2019,2019-06-19,"3264,98",19,Junio,6
2019,2019-06-18,"3286,63",18,Junio,6
2019,2019-06-17,"3270,7",17,Junio,6
2019,2019-06-16,"3270,7",16,Junio,6
2019,2019-06-15,"3270,7",15,Junio,6
2019,2019-06-14,"3266,72",14,Junio,6
2019,2019-06-13,"3264,47",13,Junio,6
2019,2019-06-12,"3249,56",12,Junio,6
2019,2019-06-11,"3257,06",11,Junio,6
2019,2019-06-10,"3274,72",10,Junio,6
2019,2019-06-09,"3274,72",9,Junio,6
2019,2019-06-08,"3274,72",8,Junio,6
2019,2019-06-07,"3288,69",7,Junio,6
2019,2019-06-06,"3296,87",6,Junio,6
2019,2019-06-05,"3306,37",5,Junio,6
2019,2019-06-04,"3377,16",4,Junio,6
2019,2019-06-03,"3377,16",3,Junio,6
2019,2019-06-02,"3377,16",2,Junio,6
2019,2019-06-01,"3377,16",1,Junio,6
2019,2019-05-31,"3357,82",31,Mayo,5
2019,2019-05-30,"3375,29",30,Mayo,5
2019,2019-05-29,"3362,48",29,Mayo,5
2019,2019-05-28,"3358,84",28,Mayo,5
2019,2019-05-27,"3358,84",27,Mayo,5
2019,2019-05-26,"3358,84",26,Mayo,5
2019,2019-05-25,"3358,84",25,Mayo,5
2019,2019-05-24,"3368,76",24,Mayo,5
2019,2019-05-23,"3340,96",23,Mayo,5
2019,2019-05-22,"3344,45",22,Mayo,5
2019,2019-05-21,"3342,21",21,Mayo,5
2019,2019-05-20,"3313,72",20,Mayo,5
2019,2019-05-19,"3313,72",19,Mayo,5
2019,2019-05-18,"3313,72",18,Mayo,5
2019,2019-05-17,"3290,27",17,Mayo,5
2019,2019-05-16,"3295,51",16,Mayo,5
2019,2019-05-15,"3285,14",15,Mayo,5
2019,2019-05-14,"3299,01",14,Mayo,5
2019,2019-05-13,"3274,3",13,Mayo,5
2019,2019-05-12,"3274,3",12,Mayo,5
2019,2019-05-11,"3274,3",11,Mayo,5
2019,2019-05-10,"3293,62",10,Mayo,5
2019,2019-05-09,"3290,12",9,Mayo,5
2019,2019-05-08,"3288,81",8,Mayo,5